,A,B,C,D
2000-01-01,1.9853053793224928,-1.5116665524875441,1.2310398145020824,1.188073313450639
2000-01-02,1.2198618365173024,-1.588618332237378,1.576883825047987,1.1285973004909273
2000-01-03,0.6856258986285384,-2.525404280659535,2.701636892905051,1.8398080356099
2000-01-04,-1.7084232379734463,-4.189607116002449,1.950052751968495,2.0531353890696393
2000-01-05,-0.9349750513316728,-4.2932828647045564,1.2782408629809165,1.913871846055563
2000-01-06,-1.3009987338793154,-4.26594018653681,2.0667889089419313,3.9259518315424096
2000-01-07,-1.2943580313081693,-3.9380282468143353,2.021992418942698,4.516955641940163
2000-01-08,-1.6397851728728345,-3.5491430392250303,1.4917572406406425,4.420899108914872
2000-01-09,-2.2946453375423896,-1.6237282632932977,1.9796956391090814,5.362648455380338
2000-01-10,-2.258452198973738,-0.5328304321461648,2.3828212767128933,5.705772576214332
2000-01-11,-1.6625883498544223,-1.8091754081483251,2.422900345390531,6.259482536737556
2000-01-12,-1.8188668634127272,-1.8957364701867794,1.9224777355534184,7.49912134374744
2000-01-13,-3.7051431340994476,-2.1700663444991353,3.1097081946410228,7.813993083848044
2000-01-14,-4.911386155492904,-1.820707566972234,2.8690546227883895,8.398789516836421
2000-01-15,-4.768774451621189,-0.389647058396859,4.53392875064137,10.71775032280924
2000-01-16,-4.957004910933129,-2.880365373270814,4.519983827592094,10.130882155856515
2000-01-17,-5.256566999034267,-3.4496853598377832,4.184165697005727,9.658959405400498
2000-01-18,-4.574120273486376,-4.728470830658397,4.009916653761054,8.159463697358232
2000-01-19,-4.603298819566031,-2.860903301424381,3.4924191723694307,7.277691394132607
2000-01-20,-4.099954647139271,-1.5547062089276322,2.9834263974859763,8.836301907457027
2000-01-21,-2.6254269542164215,-0.060068946333171835,2.527732763272774,7.013376397442001
2000-01-22,-1.928334485133215,0.38574511716828747,-0.5343283639232701,10.587618184385345
2000-01-23,-2.6398712247623366,0.6357452653105824,0.5301646075788902,11.919537326402377
2000-01-24,-2.7687620531808865,1.5930753507322315,0.4596080328384724,10.007856513567853
2000-01-25,-2.941237817416447,0.47014416054770014,-0.7417658796585083,9.597592108006308
2000-01-26,-3.581803257022575,-0.7511459189426632,-0.9507516262043832,8.828114156909027
2000-01-27,-4.355109599700634,-0.8407801761894229,-0.4846321590921305,9.726007157611138
2000-01-28,-5.576089834737719,-2.457044002292438,-1.0302334541586606,9.06318190195903
2000-01-29,-6.754824087274257,-2.790215185020557,-1.4563539298519457,7.872342398396495
2000-01-30,-4.95066423402457,-3.1030772037149115,0.6484318518477212,8.804855238714717
2000-01-31,-4.223179843079922,-2.5220627112690472,2.519433544168984,9.463338956551413
2000-02-01,-4.545404781822436,-2.4811648024324917,2.7191172175034817,7.243741287663942
2000-02-02,-3.938403193706074,-4.78121860443672,2.5480753887256538,7.865066929983098
2000-02-03,-3.5208964294659433,-4.527948374864242,4.4535691479658155,7.861036609799431
2000-02-04,-4.020910753708385,-3.9956042550618154,3.9112203330737856,8.55615849609476
2000-02-05,-4.526225392978555,-3.814228886526704,3.024614543781627,10.037869210379085
2000-02-06,-5.138038375626582,-4.781192347937868,2.6550900039385072,10.55022970736783
2000-02-07,-4.989177507589278,-5.5315777913549296,1.9410672136506557,9.797132484743239
2000-02-08,-4.361158491877468,-5.328464952306344,2.392632014837919,11.787148506359431
2000-02-09,-6.027076138215025,-5.850257415924937,1.910322670864008,11.378693094107813
2000-02-10,-4.584495099580516,-6.534069495141972,1.5347908562331556,11.70913583953067
2000-02-11,-3.2217388830483795,-6.343183382880544,2.0625566731219083,11.527710542788142
2000-02-12,-3.050793619348049,-6.177834465971873,1.668942683871265,10.47027649489407
2000-02-13,-2.4806223395597264,-7.197266579350702,2.535882042862404,11.601474424128588
2000-02-14,-1.101253824428393,-5.755024335166586,1.899543572513847,12.15761877208619
2000-02-15,-2.389932671821711,-5.830447637680489,2.710245353075085,12.211771338936288
2000-02-16,-2.9047411093318427,-4.654817445132695,3.162788742852538,13.089153041140657
2000-02-17,-2.1078522723755917,-5.596534014903034,4.691142641535807,12.952847760429766
2000-02-18,-0.9179979457930161,-4.158995074178615,3.655211134714742,14.175729943264068
2000-02-19,-0.7965224308354436,-2.922380935801251,2.616896325835966,14.651212531321764
2000-02-20,0.16353453368595228,-2.546540886215939,2.4238378211783456,14.012183465994903
2000-02-21,-1.864155480284984,-3.009539754728486,1.2193355435010076,14.722026296198647
2000-02-22,-3.173218873073931,-3.050234432676623,1.47919290036816,14.374010145156937
2000-02-23,-2.614269439563797,-0.13607334484443845,1.427343007312137,15.044286877855223
2000-02-24,-2.744340469762592,-0.659469158823028,2.865560086116532,12.915211563690583
2000-02-25,-3.326097179146965,-1.021312680582144,2.7185909717251366,11.899574266470118
2000-02-26,-3.3255087627447573,-1.2383617758205905,2.3902343458833966,11.95029215681307
2000-02-27,-3.949284666257464,-1.9280323290657424,1.5741085560856334,13.529504274859686
2000-02-28,-4.7555770630157825,-2.2064712416174284,0.061399213753899895,12.820882907064998
2000-02-29,-3.498029236988621,-1.9009760112134386,0.369466541770781,13.92680951254301
2000-03-01,-3.1214979921281674,-0.4691444981839319,1.3101071802018773,15.188715724214461
2000-03-02,-2.138731557380841,-0.4155520265242706,0.4353453293209417,15.70771232174986
2000-03-03,-1.2513575943558517,0.13555360833610064,0.8856077301200926,17.49519853799995
2000-03-04,-1.5598501850744282,-2.1814458103183876,1.8355397168074066,17.312335582919946
2000-03-05,-3.0068674052270135,-2.4284598903804326,1.920501516490662,18.67721244800893
2000-03-06,-3.267905335644699,-2.1737439964863996,0.1464895893013236,19.59147979012679
2000-03-07,-2.7867766857098166,-2.4282802282263445,2.103784411344919,20.007577001482865
2000-03-08,-0.6061577513299601,-1.5317474990265434,2.450045027621888,20.677352823416097
2000-03-09,-0.0739676028024534,-0.6090719608544078,3.6513924857901268,20.794325572239853
2000-03-10,-0.8780115835058786,0.7320672869891877,2.8905109422054847,23.322177039503433
2000-03-11,-1.8906291583195967,1.3816325405518024,3.03275922631887,23.070525280210013
2000-03-12,-1.8619267769851764,0.5942688977288962,4.213738588522931,22.876412997434684
2000-03-13,-3.5474916430005625,0.22172856517691913,3.306569595406236,24.378800503868305
2000-03-14,-3.047267955128176,1.680331833308294,4.151938580302593,23.36540853490359
2000-03-15,-3.6741973795970804,0.554775434037657,4.349950635959128,24.1503763305569
2000-03-16,-2.9585870515615964,2.555695804692233,4.177701926720303,23.32780578107943
2000-03-17,-2.8898349608727814,4.964868774739404,5.303922488968255,23.20391913195468
2000-03-18,-3.465150942094533,5.13762804374566,5.075179971758676,22.33823983372286
2000-03-19,-3.559314127472873,4.729653786894299,4.474956395437135,21.58270474517755
2000-03-20,-3.0962046333959483,5.144188416447912,3.612856889252514,20.81566618826301
2000-03-21,-3.3254144022033314,7.311237229092253,4.267512131219495,19.746756539792813
2000-03-22,-2.635992713489451,6.79135665431144,5.277178402079376,19.631529342921837
2000-03-23,-2.05176171791497,9.481105213495335,5.391688827792773,19.11950046934975
2000-03-24,-2.1099170067129545,8.70968569986074,3.408469499443722,18.791860806949895
2000-03-25,-2.723477130514544,8.766016692693704,4.544081894629651,19.158477783984097
2000-03-26,-2.818088302428919,8.498031524101336,4.754916719147426,17.165125456205768
2000-03-27,-2.006865041157835,8.502450238821815,5.91425051081896,14.961924777087862
2000-03-28,-2.5161992166222458,9.388516270845976,4.226563613773909,15.270542912591322
2000-03-29,-1.337433096431008,8.863742404441796,3.492526589683076,15.224690461081893
2000-03-30,-0.837686598134809,7.642218019611838,3.73607083879578,14.001682226232862
2000-03-31,-0.7843178269883244,7.5558141166953945,2.0023515395637133,14.697423936334747
2000-04-01,-0.8394357237472851,7.948356389619585,0.8648716921091824,14.61879131663684
2000-04-02,-0.13667152116880799,9.060141239492228,-0.9916634063863308,15.1758986245831
2000-04-03,-1.160578277214107,8.429647895399796,-1.8862208722320335,14.903747784500503
2000-04-04,-1.6734164380388226,9.242979851933718,-2.1561370146674252,15.903050920844565
2000-04-05,-4.79518754892268,9.240864184174447,-3.00307608482765,16.871366295738497
2000-04-06,-5.574846205040226,8.538291120928731,-3.2925661095611147,16.60289862329808
2000-04-07,-5.514805402375229,8.037267331836258,-3.0935434804639192,16.277934061441766
2000-04-08,-5.840164995301445,7.392455556715194,-2.1181615859311096,17.13028624291124
2000-04-09,-5.845993961855975,8.643989261877845,-1.9002589357779522,15.98606418764276
2000-04-10,-7.379620466044868,9.223227343976847,-4.516763262300701,16.642414544005213
2000-04-11,-8.037261327521621,9.811769851821323,-4.875605073204193,14.876870572623737
2000-04-12,-8.135324659883336,9.969267488954209,-4.925303396125069,15.328535518139727
2000-04-13,-7.563958241175266,9.323426744080262,-6.28795043176697,14.223807531143827
2000-04-14,-7.853112314724331,8.30342314147526,-5.779943975116995,15.177121493753402
2000-04-15,-7.273230956630372,7.535786704264939,-6.9523268651205985,15.487653954763596
2000-04-16,-7.883692943902132,8.05077566905095,-7.597728494045845,15.871862883238194
2000-04-17,-7.807422189881039,8.065133789148668,-8.561301620427512,16.676165979387942
2000-04-18,-7.892154423036451,8.451385982325947,-9.610656798901145,17.20303257048613
2000-04-19,-8.846708262466986,7.285194647106604,-10.006078459024522,16.04070811133367
2000-04-20,-8.51919372115945,7.001321911413754,-10.096549189660283,15.544350005615152
2000-04-21,-7.971238943258907,7.025123214204235,-12.059479924331576,15.176890223036214
2000-04-22,-8.846596138274375,6.059526930446388,-11.266444625134875,15.054047506590173
2000-04-23,-8.471034147618136,5.9347094787737396,-10.804543287583956,17.228077632647896
2000-04-24,-7.599741156751733,7.126146810624604,-9.454447817220863,16.500886992964602
2000-04-25,-8.41681725315986,5.743188537782311,-8.654452423174984,16.059690942974488
2000-04-26,-10.570109388866495,6.301891190659854,-7.691430440039632,16.735099552302945
2000-04-27,-11.407438266864839,6.959775559545362,-7.444065474544023,17.263213769343697
2000-04-28,-9.544807184255655,6.968201622466746,-7.023514641012871,17.310606918962815
2000-04-29,-9.62410665929663,6.603908356301435,-7.070981391397654,17.675015075267154
2000-04-30,-9.798097000553826,6.408479399329441,-6.86620593675132,16.79908074887311
2000-05-01,-7.79134464773568,6.786082673910409,-7.373651158247009,16.713083381107324
2000-05-02,-7.4165194849399745,6.21059815124849,-5.514370422280485,16.842805244886325
2000-05-03,-9.111346171091704,6.279780931951446,-7.407509566645598,17.51133239481404
2000-05-04,-8.347555657219564,5.607707518173164,-6.455769338049751,17.04949774447287
2000-05-05,-8.670862737473453,7.409430140277914,-6.655398629266512,17.12112643449635
2000-05-06,-10.564156913979913,5.979653842598973,-5.16455732086642,17.803142464986866
2000-05-07,-11.272481197918463,5.771060090143083,-4.725849579174011,18.540160034307533
2000-05-08,-11.166820954544157,6.701554537312998,-5.44587156558519,19.19682027889366
2000-05-09,-12.456168947372904,4.794598689194929,-4.778064565071284,17.9557541791945
2000-05-10,-11.992224165000888,3.7115472163450605,-4.528236295240902,16.536623241163955
2000-05-11,-10.278059863095894,2.5383121629545355,-4.69779620021654,16.322426742708878
2000-05-12,-9.558261993947538,3.1433485959613736,-4.279806255447494,17.43886623129513
2000-05-13,-12.221879184355686,4.181234373600283,-3.3285650428930538,19.028808344614927
2000-05-14,-13.147668567729616,5.457013152019178,-2.8641457493460107,18.68512463760699
2000-05-15,-12.913962826447946,6.569588954936712,-2.37076729030996,18.64135762055089
2000-05-16,-13.880694938276648,5.207910887938628,-2.3511448209255112,20.257267228147892
2000-05-17,-13.498351144612855,5.27572592524369,-1.5357548363440376,20.572044878576314
2000-05-18,-15.064622192953795,4.95254986397695,-0.6505596946220062,20.575873551100848
2000-05-19,-14.921615552521104,4.00130859145384,-1.013857697120073,20.06612632831592
2000-05-20,-14.506499597591512,3.3197093178432553,-0.5748393891093991,20.291226082155564
2000-05-21,-15.207154055583013,3.1230514499258053,0.9868677838564711,18.926037418753353
2000-05-22,-15.42562867636899,4.324290023515953,0.15172630685660116,18.167351631378363
2000-05-23,-14.758153510009912,3.2760074993973496,0.0749665846747507,17.300393768725996
2000-05-24,-14.793198319963345,3.79158203812442,-0.831727145306282,18.06787750405964
2000-05-25,-14.464142242831215,4.19035789523441,-1.1527740514501235,18.31647011456805
2000-05-26,-14.520785085846654,2.2624029790642224,0.7657332902622507,18.366350228428793
2000-05-27,-13.628765812972954,2.8910676084330476,-0.16695669482349884,18.410270149236474
2000-05-28,-13.343142053758521,1.30789127966565,-1.6135005510497051,18.829367552132982
2000-05-29,-13.583678624807977,2.6390514141496033,-1.823242319263026,17.689683745523634
2000-05-30,-13.79005837939639,3.874747792514356,-2.347564154561625,17.59924990605636
2000-05-31,-13.925088873923716,4.9427881351034575,-4.592447371168982,18.059551477351693
2000-06-01,-15.764145183774357,5.57822857507368,-4.88957828483238,17.67436195199198
2000-06-02,-15.711900880576653,6.5219393241287245,-5.795746657071875,18.706424049177446
2000-06-03,-14.894631886025259,6.3455260797381445,-5.95927744668582,18.3711287339865
2000-06-04,-14.32148080592658,7.610168124095666,-6.505345553004191,18.663583994230056
2000-06-05,-14.489555648710294,6.891237743102329,-7.49817108165298,18.325937873457516
2000-06-06,-14.526867201646246,6.414072462747645,-6.697654244939926,18.032691614538404
2000-06-07,-13.757187801417668,5.424762935445211,-5.379504292741906,17.492172075905327
2000-06-08,-12.30903610212893,6.6037543520043425,-2.308449862057277,16.65931217565883
2000-06-09,-12.04351921212749,8.03016193105468,-0.5745954807351792,16.86248041161276
2000-06-10,-13.085517115086546,9.297104380910659,-0.5536927910717903,17.839562246631164
2000-06-11,-12.774582783093763,8.145882671270712,-0.1229700423181096,16.36592816599191
2000-06-12,-12.691887286417268,6.772683988815565,-0.9745577186113037,16.307670023019014
2000-06-13,-12.816244891744565,6.916273264736747,0.28859253053622735,18.604022865162023
2000-06-14,-12.737525021303462,6.923995493468356,2.135958967550747,18.149927925891618
2000-06-15,-11.426454062264595,6.4761363126343285,1.4044356260247521,17.565456037266546
2000-06-16,-12.915101394706912,5.816389871878778,1.1378266102119068,18.1705489201782
2000-06-17,-11.593660322441238,6.2846788695734705,1.0198632787082995,18.884895297686544
2000-06-18,-11.652837456582475,6.378398649132546,0.9460403505780361,19.704645877584895
2000-06-19,-11.841725551560609,7.756880512651034,-1.0931694687759157,20.24073514344638
2000-06-20,-12.50476453024133,7.919469134231315,-1.43915776036879,20.896569143993815
2000-06-21,-13.499991483486458,7.460747292141195,-0.8342576616996874,19.610424273718188
2000-06-22,-12.520352669748602,6.794507643926441,-0.753755990871555,20.18066007767549
2000-06-23,-15.491017426653784,6.0919765092105855,-1.444559815204332,21.034176929077475
2000-06-24,-16.457714923655224,5.578853427117929,-1.487741631574097,19.861685128945478
2000-06-25,-17.278855539724358,4.579787124525555,-2.8886452125349944,19.370103715934285
2000-06-26,-16.21013289906128,3.887852266306279,-3.57700710272044,22.24277983772462
2000-06-27,-17.468375423940252,3.070993145292296,-3.2656855873485062,22.001477260982043
2000-06-28,-16.311937540932792,3.2855438980162788,-2.563465049016622,21.867329213507524
2000-06-29,-15.812761038102863,3.078042560762017,-2.8474330883598715,23.164721866003145
2000-06-30,-16.083572661142217,3.9518970010600007,-3.09437354266858,22.461749875985497
2000-07-01,-17.060454618496163,5.5671298350324125,-3.691746754701277,20.378732580045202
2000-07-02,-16.79333566426884,4.449052995540388,-4.373936073707662,21.10903498979394
2000-07-03,-17.55640570502116,4.597061380773907,-3.9343047270343967,20.582369729509598
2000-07-04,-18.601271801997136,4.063904085852861,-2.5280072087484755,19.37617239880087
2000-07-05,-16.613601983728504,3.325456367270286,-3.0580861361660197,20.194318735636962
2000-07-06,-17.089766855873027,3.0925450646284474,-4.563578623392714,20.125707852871283
2000-07-07,-15.154723458818944,2.5559249074079724,-3.3722292015941067,20.377290957255017
2000-07-08,-12.644361517869802,3.2033296866698033,-3.9946895972619414,21.021746532698486
2000-07-09,-13.021974935125554,1.4063000304748063,-4.389722643184281,19.69811601884228
2000-07-10,-12.41300537898032,1.82708218649073,-4.999924802739164,20.39863852623847
2000-07-11,-12.711714318520379,-0.4573881238482691,-4.5235011115727835,21.279151856068914
2000-07-12,-12.359565091918356,-0.4826485589179965,-4.5628904876423535,21.10846098478933
2000-07-13,-11.249931322515527,-1.7718545545365858,-4.680849618502463,21.47802629086544
2000-07-14,-11.282705551535914,-2.8338942802925002,-4.550483257014728,22.154525842693594
2000-07-15,-10.628264721786742,-2.98462164589648,-3.3430952206343063,21.978417652112668
2000-07-16,-11.065674052722247,-1.2307636118186076,-4.520497158592334,22.330740009754997
2000-07-17,-9.659509468940445,-2.142711259964193,-5.056084585387611,23.598341615151288
2000-07-18,-9.47185478484567,-2.072742181442862,-6.226047108198868,22.07240603792832
2000-07-19,-9.295839039147548,-1.6961745075535626,-6.290416516052753,23.188533507189515
2000-07-20,-7.589272566954508,-1.8424864350648387,-6.317330381371263,24.205710384826254
2000-07-21,-6.249360460783255,-1.908578713492495,-6.043939056818787,23.387476488651547
2000-07-22,-6.785825234509009,-1.482963313784864,-5.7159463957205245,23.69221233247915
2000-07-23,-7.690033901009338,-2.7839174873086616,-4.942073445174662,23.378313110494627
2000-07-24,-7.6514742524550625,-3.1878606185428873,-4.4764332962250295,24.791657135390466
2000-07-25,-7.6552207777880374,-2.107325384686494,-2.9107154579047396,25.679030966143937
2000-07-26,-7.6476029300055535,-1.9700051327270771,-2.5630911951738087,23.20222682995835
2000-07-27,-8.599041600360204,-2.1208291970370947,-2.6490563520404673,22.901950579115276
2000-07-28,-9.221514817473016,-1.9833453375398213,-2.9803531583809804,22.298758910845663
2000-07-29,-10.017378781574442,-2.484495504765682,-1.723408275150598,23.013813724395025
2000-07-30,-10.901254854472905,-0.24329738606960793,-2.226239049697784,23.39914242276295
2000-07-31,-11.890635023966544,0.8914700826223536,-1.3852721658534215,23.767731191596408
2000-08-01,-11.64886434464743,1.1900483255505936,-0.04743269998890565,23.120084148298268
2000-08-02,-10.415025371361988,-0.8915432899986051,-0.8634567976856874,22.257178898427224
2000-08-03,-8.862404292453963,0.9542601958605115,0.04644444093792488,24.012407404593176
2000-08-04,-8.52043622126917,-0.8172099956418954,-1.1775698532807994,23.091906438740242
2000-08-05,-7.993593521464254,-1.5784868665466139,-0.9481662031252467,24.502363987582314
2000-08-06,-8.74134223455808,-2.0504081333839292,-2.285758873433664,24.871494459949893
2000-08-07,-9.366451218480513,-0.4101197504601355,-2.4989077014079326,24.556157680040513
2000-08-08,-10.018038245203705,-1.212914827332507,-2.007407641439971,23.421692765643407
2000-08-09,-10.008778689932914,-2.6998065505009627,-1.6879998614900105,23.024940964848277
2000-08-10,-9.335582377846652,-1.9272197238973008,-2.7136555505655156,23.919568689905347
2000-08-11,-8.187617466493563,-0.877604678581952,-1.3240487432048824,24.40480736448495
2000-08-12,-8.980709107490588,-0.46789161338783597,-3.2856537385584064,25.334032362836496
2000-08-13,-8.730528725031881,0.4155572614629978,-3.382577794700561,27.47791450155554
2000-08-14,-8.01731976958592,0.39105474155165054,-3.8575048910469123,27.964927167433814
2000-08-15,-5.634373294233724,0.32251004623962487,-3.602614227731834,28.799695744304483
2000-08-16,-5.091512700599426,0.7477325890061021,-3.9587398462361,30.522407350751173
2000-08-17,-4.365962643435656,0.664797641757864,-3.607187977865967,30.362747426505795
2000-08-18,-3.925105860266553,0.8339611010201853,-2.6196879673316786,30.119770563280856
2000-08-19,-3.8643229379759347,-0.03544765216412893,-2.2838790701877993,30.257580021426538
2000-08-20,-5.09766898368707,-1.1563349152677118,-1.1408840764951191,30.202710445180173
2000-08-21,-4.576620491523646,-2.6473520571351807,-0.6511815015477331,30.615585764408408
2000-08-22,-3.9935808014474263,-2.7568928674656794,0.12908533680643575,31.90212580161899
2000-08-23,-4.448015754592631,-2.1982912231394955,0.5017665523860746,31.648336287909736
2000-08-24,-4.315599743405837,-2.973511351778294,-0.076121501244936,33.42374206645121
2000-08-25,-2.247667999937705,-3.4583154455203133,0.5833551751440187,32.453433874293154
2000-08-26,-1.7252753255095161,-3.6791073336294793,0.9258011716823815,31.98548671208783
2000-08-27,-1.5610979432188516,-1.6367710141984664,3.0413623260090836,32.88299956296847
2000-08-28,-2.961769282167141,-1.9142797403250063,3.12968781140744,33.826810809833695
2000-08-29,-4.213831184741942,-3.374938474195167,3.6139701399531257,33.238533716489236
2000-08-30,-2.2995130214398474,-4.597153871553471,2.470344413898678,33.161012734179565
2000-08-31,-1.9584066530074933,-4.4810938241702285,1.9734342341065587,34.68809951051126
2000-09-01,-1.6383591327821643,-5.169965106607466,3.6834153627943995,36.30429839114403
2000-09-02,-0.34749489558960955,-4.911299682958598,4.44001359930569,36.466868044174916
2000-09-03,-0.4614368184693124,-4.447468992604201,4.478489829194556,37.32908279599161
2000-09-04,-0.9303733209490821,-5.099303304421845,2.9617808351713437,37.55289740832625
2000-09-05,-1.733399929412872,-3.4710523950010668,2.901883988091945,37.51705571852374
2000-09-06,-2.7545463308692453,-4.050915856519314,2.92522649468612,38.12349787408027
2000-09-07,-0.6747223067577868,-3.900912358823337,2.612301806039455,38.73312565841623
2000-09-08,-0.2983768335394008,-4.750617015039683,3.772306360521,37.96562361358083
2000-09-09,-0.4854139137417428,-4.122146723444216,1.6633065664174809,38.227716318069675
2000-09-10,-1.126870588639473,-5.156842790128757,0.6584054790387108,38.01361822687151
2000-09-11,-0.49914862740474575,-5.222450939211463,0.4203097414037823,38.632130890809165
2000-09-12,1.1762641514645455e-05,-4.177416228665644,0.3622921861812982,39.71027805071226
2000-09-13,0.10752699219612405,-5.469569623088289,-0.7560066630268165,39.45641298709536
2000-09-14,1.9340465206158015,-4.990369934771887,0.4630626867272476,38.64876594130813
2000-09-15,1.980611119093523,-4.887724971650191,0.7431580087006839,38.75116079768815
2000-09-16,4.0753499232927695,-4.761207320310377,1.1419057323416915,38.96483451248961
2000-09-17,1.7613831294609659,-6.07686138217752,1.4481826365099506,38.636922659577586
2000-09-18,0.6534678951574755,-6.377309246792561,-0.1906674972892688,39.13037030939673
2000-09-19,0.22473894803791472,-5.175823051497433,0.6457100783055579,38.48899413199916
2000-09-20,-0.3119785375938253,-5.553846658147182,-0.003480640059618567,37.941342545696685
2000-09-21,-0.6577394787005764,-6.037066528284071,0.40641116683197864,37.66724536488868
2000-09-22,-0.3234058555696474,-6.667853474824551,0.956862026242528,39.246866450584335
2000-09-23,-0.41672646844466976,-5.492588807170925,0.9682305547654976,38.39336676622972
2000-09-24,-0.3242314021646483,-4.424514741670832,2.2037404080675027,37.126967251948614
2000-09-25,0.23045340714514306,-2.8261661826320146,3.013035986310334,38.482631440192975
2000-09-26,0.8571558502746488,-2.4420239968663435,2.5313258763136153,40.10096419542645
2000-09-27,1.784721154891575,-3.0275362358677267,4.1755167905439095,40.72744198780471
2000-09-28,0.04310786300923186,-1.9152320027384122,3.8148833618454505,41.16893367231336
2000-09-29,0.7771863677205575,-3.2902236216303713,3.174615123921217,40.49615696538959
2000-09-30,0.9787073373148008,-3.2310817486450873,3.6671227888670845,40.27643418191047
2000-10-01,1.361154518576482,-3.1890026252464065,2.8230811818543513,43.290562157516646
2000-10-02,1.1853805335576626,-3.6910597983013367,2.3088767758321644,44.015958907117025
2000-10-03,2.2987260070452216,-4.004975172269526,3.8473345215725487,43.05655673090591
2000-10-04,2.5255803440924383,-3.093529314933547,4.16073617176132,44.83620187430979
2000-10-05,3.5680235810551486,-2.8451973427586106,3.6576881683970064,42.78541591618083
2000-10-06,5.334125882898666,-3.9207566243562,4.332349703205937,42.43863765368634
2000-10-07,6.864050402303683,-2.0219807919642565,4.039896062591062,44.28764047747108
2000-10-08,7.799474045800758,-2.510389593802069,3.6493461607561906,43.689449455692625
2000-10-09,7.706502582185396,-2.4242880924450763,3.701052351613708,42.60582669033314
2000-10-10,6.891700411585723,-2.39451342921531,3.5851486520638263,41.264885126357775
2000-10-11,8.086802345335622,-1.0159402742010617,3.7434740710739964,42.39082584902333
2000-10-12,6.569956233382783,0.7908816114755644,4.22079079370422,42.43501401724741
2000-10-13,6.337583018056815,2.4545559960594625,5.384484500012732,41.653294788172204
2000-10-14,4.813157497909737,3.250292041041994,8.123346920088462,40.38484618458908
2000-10-15,3.842154958408689,4.1370218203859705,8.151337363656088,39.92453492028244
2000-10-16,3.158130064064558,4.241652389451728,9.443047126820783,38.17947143402161
2000-10-17,1.4727800503610708,5.174007634689162,9.885284534829525,37.56245186774954
2000-10-18,2.3442146222421245,4.3528050465998875,10.758675766284254,38.15777281477475
2000-10-19,3.6374964047216416,4.738453007817356,9.881878718919989,38.18368190034161
2000-10-20,4.083488631463567,4.852161698485585,10.190772901751343,38.707938878584685
2000-10-21,5.168910525760166,4.4244640200509195,10.54041273380773,38.52866857277618
2000-10-22,4.997753068779708,4.279800519646799,10.879541759745084,38.549736096901114
2000-10-23,5.730329852900744,4.962529042733976,11.938278163437426,40.21695098028813
2000-10-24,3.62904187450496,3.511367358546607,11.226988404946571,39.158548419928756
2000-10-25,4.534766026980639,5.3152957740395195,11.607184401618138,39.59622745575303
2000-10-26,5.76856558358622,5.958129224335893,12.834439752906249,38.73856588645576
2000-10-27,5.428165860504297,6.863155189933426,13.026625086261976,40.38684658241631
2000-10-28,4.520496835911391,5.020507862223042,14.090994550044439,39.95233519123877
2000-10-29,4.1107939810325025,6.787984345768433,12.956930634929853,40.31126240466343
2000-10-30,5.061709405008461,5.19926686190592,13.363313376863609,41.30011506113959
2000-10-31,3.56471778111803,5.515091793595009,12.403060673169954,43.120357808997234
2000-11-01,4.8548284657487,7.212402759548945,11.103634979495244,42.376137939724444
2000-11-02,4.270695591980414,7.4756694687576974,10.296073429860536,42.822290920728825
2000-11-03,4.526266302498158,9.671225898531013,9.905221098567807,43.0172149129924
2000-11-04,4.8634664463980535,10.21493643207679,8.201191190594898,42.4472548521805
2000-11-05,5.638907057246236,8.522637638360168,6.165101722001745,41.25315264064922
2000-11-06,5.919427644621601,8.665702066684018,5.242499206239027,39.69594966396095
2000-11-07,6.994978988621735,8.912680108136687,5.110482686782888,40.15797387160638
2000-11-08,10.433874607327589,9.56386714847352,3.878103791449921,39.52677736784464
2000-11-09,11.001009935315569,10.498318582723753,4.585783149879586,38.931099133977774
2000-11-10,10.591701487845238,12.430351263707442,4.5460053203539665,38.327834703229755
2000-11-11,10.00450572880097,13.28787361519619,4.937306330169508,38.557230892293326
2000-11-12,10.706930550576681,12.17523595165517,3.974595605215864,39.666741141188055
2000-11-13,11.565748932440204,12.522626265050803,3.5395773071687526,39.264516856113836
2000-11-14,12.951431060464342,12.140698253339952,4.489346634751706,38.96230263546333
2000-11-15,11.630481717651072,11.991009693824816,5.186093467695411,38.97019632565721
2000-11-16,12.2951447477456,11.781860613024456,4.343630419507742,40.31939875798632
2000-11-17,11.745131443973051,13.314110864513555,3.1699220989736023,40.207913749955615
2000-11-18,12.855837655392111,13.347479326012987,2.75638893394348,39.40157254325063
2000-11-19,10.432684141419006,12.750532015274612,1.8707911373318562,38.77765571894161
2000-11-20,8.858546961816,11.962421153388242,3.0797450289919626,38.85154783668431
2000-11-21,9.118430267855887,12.212962080764107,1.8531800791603286,39.9638630342601
2000-11-22,8.059117621307088,13.720675192480448,1.4085491640664305,39.27290312244463
2000-11-23,7.5591405685507995,14.339763782927095,1.5578450312419956,37.33960836667981
2000-11-24,6.046452164035985,13.898855171057399,2.221934678913433,37.314756424113355
2000-11-25,5.376242790889537,14.421377770804398,2.4617710179205705,36.51554180222978
2000-11-26,3.775726436497836,15.723444440236417,3.01833257806838,36.32674006729424
2000-11-27,3.3994064612895007,15.151300908710398,1.352545934745099,36.652272737672995
2000-11-28,3.2286185512360306,17.62150258588256,1.2980070366624674,35.724507629673184
2000-11-29,3.389967035554047,16.511024609753743,1.1334604986681407,35.54393305147431
2000-11-30,3.7065615448414677,16.113591734438305,2.822673880425324,34.80236490752148
2000-12-01,3.648361803627128,15.214353133432745,5.868625539145316,36.193567134510495
2000-12-02,4.0558266599112835,17.214769308013388,5.112629448815282,37.578295998516154
2000-12-03,2.59123050453803,17.708102725082558,3.901407397443188,36.35275956531527
2000-12-04,1.4964696937226973,17.24276021200817,2.5551426140287994,37.10755813940354
2000-12-05,1.5945551914712681,18.0474849552616,2.1197158441853134,37.557833345726266
2000-12-06,2.87873114803053,17.590369179421366,3.0171518956821717,37.87490036315794
2000-12-07,3.6573390099717713,14.739059103440336,2.267123266769518,36.021766332524436
2000-12-08,4.02062042868261,15.00708129262493,2.0768335216794993,36.23600341416855
2000-12-09,3.6218706425122114,15.817643006097818,1.464696871367301,36.035749679029855
2000-12-10,3.7839366434598474,15.089832200395238,-0.16619348689835367,36.09734877603591
2000-12-11,4.691033123644899,13.438232948236449,-1.0566298961532583,36.1038268579791
2000-12-12,3.2467043009236676,13.12325874081367,-0.6050011149266099,36.00771563470754
2000-12-13,2.2199808863285275,11.479701479200733,-1.3229519395467235,35.934763176865374
2000-12-14,2.2233720242545,12.222060075754632,-1.5561311325313287,36.12635536998513
2000-12-15,4.258226071794949,11.65970808543118,-0.5046719585131878,35.012884279108114
2000-12-16,5.810236257272992,11.435327977661222,1.9509734982499152,34.53958418753895
2000-12-17,5.280923902288094,12.287264500073348,3.31471182532649,35.71229828339872
2000-12-18,4.797396083816726,10.698542918789785,3.724405402517934,35.67330796135573
2000-12-19,4.965517646364574,10.248614155153502,1.9794793621974374,34.41120049384487
2000-12-20,4.808027935951216,10.314667848791265,2.697879829794722,33.91316266717223
2000-12-21,3.0744874197654,13.162077534583462,1.9652473788627496,32.96358281020513
2000-12-22,2.6162807301928543,12.305690463767418,3.5673641613059965,33.166475077032786
2000-12-23,3.4754324143500446,12.439550015106402,3.267223745129558,33.006943362959966
2000-12-24,2.454379542349897,13.275195285940818,3.0445745067726646,33.15421509639792
2000-12-25,1.6823095449374204,16.98252618165432,3.1497231511327604,31.770129567837493
2000-12-26,2.8486930319203294,16.55215695821288,1.9467539496092152,31.36154344149122
2000-12-27,3.6993363137546695,15.316812344346701,2.9224058726264897,32.16115897046678
2000-12-28,3.2516868807129744,16.084865356384707,1.088651808319287,32.25664689617821
2000-12-29,3.743253973916927,16.674739509617897,0.7613829905813754,32.117651034957795
2000-12-30,4.007094717986362,14.876064684956093,1.1009244907321825,32.42076088666011
2000-12-31,3.481319384813547,13.466017520630228,1.0148558152463154,32.96654356016884
2001-01-01,2.0054780289641334,13.879600845948069,1.0935635172371723,32.003600293236445
2001-01-02,1.230606707903641,14.150620688856076,-0.28880917971232,31.175200573918673
2001-01-03,-0.892934318955442,12.021876342259233,-1.0216234394958543,32.80480666538024
2001-01-04,-1.2166335160860875,12.965485967374045,-1.7861977389781043,32.24955657566565
2001-01-05,-1.7524542151639273,14.38596399802572,-1.6742291749858307,30.08153008284153
2001-01-06,-1.2095220564564766,15.72867164292335,0.04207115087049029,29.93529399078667
2001-01-07,-1.2109402282214037,17.41206714964493,0.37503128668191216,29.570772212484286
2001-01-08,-0.6665348113496897,17.705079227804504,-0.344879867826606,31.6030320531612
2001-01-09,-1.9741004249953988,18.43313147203887,-0.3263136463892018,31.901277871098806
2001-01-10,-0.9477404689042042,20.069913212389796,0.7713908792884787,33.43929729337702
2001-01-11,-2.663767013763667,18.70260345882999,1.658343114672204,32.16719201235683
2001-01-12,-2.0251140769353637,18.854551847560476,1.980634358914175,32.325060882165786
2001-01-13,-2.5852626983945033,19.018191869328508,2.6054145436365475,33.25412705865989
2001-01-14,-1.7807642987093604,17.62075516658118,2.3791964053579364,33.340000707493544
2001-01-15,-1.1296639770615158,19.043911813922318,2.4711311290516464,34.53856020629651
2001-01-16,-2.3015383328220933,18.829799816389365,2.0825646697087286,34.841934032076466
2001-01-17,-2.5392953601031687,18.75761613269859,1.8454510550001157,34.83598839991777
2001-01-18,0.09048898511780967,19.878206092260932,1.4138403154507657,35.18184134219933
2001-01-19,0.6678100148384655,20.3673891892085,2.256006241610973,33.22257141649381
2001-01-20,0.13143675718887438,19.048849766486953,2.234557627508163,31.82990802366297
2001-01-21,0.4777880595643463,17.778009715930978,3.4372286295482963,31.167230161705472
2001-01-22,-0.38645917504223687,18.178511891505366,3.174239509981952,29.9062954613906
2001-01-23,0.7292413511572382,17.847920247238143,1.4485041661975444,28.248689111888464
2001-01-24,0.605692700378872,18.01500830826453,-0.7667981814524278,28.596513287498613
2001-01-25,0.5143420486805673,17.96338421213563,0.6711700691562053,30.066322876397752
2001-01-26,-0.012210879698076327,16.00930964956005,0.7479241159886378,28.502172590448055
2001-01-27,-1.4388625094861993,15.486850622326438,-0.3999755409164776,27.83096545860607
2001-01-28,-4.004704734683051,16.22241730012811,0.5016435196969118,27.615709586897733
2001-01-29,-4.4851500310949435,15.435843297071054,0.46442783002782456,28.789138111092797
2001-01-30,-6.014596190651451,16.37592864586319,-0.707857099757307,28.459242869665218
2001-01-31,-5.318956301780376,16.285793422059438,1.085787669123137,29.33776069737781
2001-02-01,-4.841917866611798,17.02977374495173,0.8168079281573143,28.650493381937377
2001-02-02,-5.247328974518566,17.417109514115218,0.25960354311804656,29.04311111341673
2001-02-03,-4.845651145641977,18.56615194345776,0.06836886504825063,29.767038905392226
2001-02-04,-6.2249933879362525,18.17956495622182,-1.8832071066498821,27.127093998685645
2001-02-05,-6.909320403734764,18.65013889392054,-1.7222604403342536,28.312964418018858
2001-02-06,-5.490862223495516,18.948128717612803,-1.1750037526995296,28.670778914367737
2001-02-07,-5.134504938037844,18.842000930525973,-1.2850394748549048,26.798684671266237
2001-02-08,-5.01449675499647,19.788837447375595,-0.5401791977504528,25.68799319496093
2001-02-09,-4.054695366612753,19.646520633242258,0.4762110359814361,23.887212692825923
2001-02-10,-4.093758106433891,20.306186697936575,0.37447188843198,24.11207659730248
2001-02-11,-4.579600724261231,19.179067216893365,0.7012149618173236,25.95372121089991
2001-02-12,-4.96917984192417,18.824971834061035,1.1618482875938474,26.03321931773866
2001-02-13,-4.992278655919499,20.50431490946693,1.6921399301542486,25.495379487462017
2001-02-14,-4.902616025873017,21.31566945507709,2.5964974562112664,26.85187600541294
2001-02-15,-5.065121085815399,22.038756838779406,2.8510557182206675,27.20611720493004
2001-02-16,-4.396218565715264,22.39459642026625,1.0609588954602704,27.86407899915828
2001-02-17,-5.544610086642806,21.59608618869117,-0.6807059271189473,29.306234216086256
2001-02-18,-5.057997458385247,21.070195882413653,-1.9450140059341352,28.895467182745495
2001-02-19,-5.106373336362655,23.164273392169832,-1.6888555197727833,28.78895229001989
2001-02-20,-6.076658499926219,23.728099778186195,-1.018048368799378,27.5702450665325
2001-02-21,-6.210568062844448,23.690175929903674,0.11533001103076224,29.045424074725986
2001-02-22,-8.94077817725509,22.79992333632314,-0.27669577170029247,30.044322323864577
2001-02-23,-9.583566642377681,23.43441851769539,-0.5278773568819073,31.51419674971111
2001-02-24,-9.609487451845453,23.31803633083649,-0.30228777722434785,33.56649563109845
2001-02-25,-8.724365376673221,22.56214967640243,-1.295771408576839,34.37660354634112
2001-02-26,-10.32018604139571,21.932261313655534,-1.16352637519244,34.48705333500035
2001-02-27,-9.401859508300289,23.033915110749895,-1.0872401247797263,35.37845090127632
2001-02-28,-12.147306666738729,22.861775704530643,-0.2836892959075916,36.014873821528305
2001-03-01,-13.058755199411532,23.89100324955206,-0.7069999301130301,35.82076673884039
2001-03-02,-13.371051970898622,22.765161235835656,-1.2079372243167295,38.17007158909778
2001-03-03,-14.384866312162355,21.376014933038483,-2.152250485385487,38.41522038142992
2001-03-04,-13.999597212077385,20.938319902793193,-2.7373915347247513,38.40147422149204
2001-03-05,-13.892391998604806,20.16631026751082,-2.360012875659885,36.73692005196032
2001-03-06,-13.456138182387635,20.62688728448908,-1.7449697729890485,36.58706054900386
2001-03-07,-13.304035645909664,19.035703842619842,0.2581797427015968,36.613061301452134
2001-03-08,-13.204521080970858,19.804872727426364,1.5989683050448606,36.75705020715669
2001-03-09,-14.64635102934461,17.51258398805638,3.3245392478052276,36.95677468772874
2001-03-10,-15.409213172494432,18.882451756665944,3.244317388444766,38.193940479750786
2001-03-11,-15.250210058529712,19.03955005938864,3.7909294231049375,38.23526658310988
2001-03-12,-13.975562903506614,20.194496506430053,2.382787224517503,37.66305497809265
2001-03-13,-14.611861010861285,17.824928606093167,1.6220149140767286,38.318762542916986
2001-03-14,-13.276135845286024,17.698745320698897,1.972119323734527,39.85448834872725
2001-03-15,-14.126169351057733,19.549844980550493,3.0326702754193535,39.73404422730173
2001-03-16,-13.80449700983343,19.780281486911136,2.401732560783742,39.24990654057653
2001-03-17,-12.467362487511455,20.551680542494914,2.330195170390077,40.3622900576332
2001-03-18,-11.67053373377686,20.718765512019562,0.5285311986652874,39.768188653953416
2001-03-19,-11.102434977566187,20.749648422751733,1.100816304606868,40.49650644934443
2001-03-20,-11.310838735111696,21.964055856737296,0.41894877502740213,40.599406270120035
2001-03-21,-11.290690191451557,20.92304845462034,-1.0053379145917773,40.64181696990952
2001-03-22,-9.754321431546622,21.852291612361064,-1.2595731157078054,40.47732349765316
2001-03-23,-9.882614559943416,21.51428449086087,-0.8377941276163177,42.80024471591607
2001-03-24,-10.573659757804057,22.197164801499557,0.8552032158865259,43.08538252857851
2001-03-25,-12.492138578943676,22.383327210841916,0.6434530119704271,43.55295991583936
2001-03-26,-12.994109513813491,20.770303117089334,0.8027137313001436,43.065169967110926
2001-03-27,-14.02894543894569,19.702897971820523,0.5780951296737522,44.204210838097964
2001-03-28,-14.277207495172055,20.29808910176166,0.10706049862185457,42.133987983386604
2001-03-29,-13.534504826246039,20.599361094496228,-0.42106294424263474,41.09131136850283
2001-03-30,-14.400466011569245,20.069312601544635,-0.6435387824738104,40.529315074294274
2001-03-31,-12.562562163969675,21.352407679220327,0.022928880306584243,40.5077990615044
2001-04-01,-13.483213721849125,21.24744818220767,-1.2751678088973142,41.59792036108715
2001-04-02,-14.609710550263543,20.45181990552355,-1.6099253852860587,42.52693865836637
2001-04-03,-13.582549976498463,20.926470483695624,-1.6922279183366338,45.42109122972521
2001-04-04,-14.080474141979378,20.297593256949806,-2.488479980294173,46.778579351499445
2001-04-05,-12.205307600775333,21.03381781476352,-3.5086755736637505,47.34638317765838
2001-04-06,-11.95719575295695,20.66887402669158,-3.3586093175843375,47.95585185056429
2001-04-07,-11.249388792269517,21.351829982477263,-3.2411588014059918,48.31018997803233
2001-04-08,-11.446433912379435,21.906835900876107,-1.942674507203092,48.240110762645664
2001-04-09,-11.021736299068888,22.07084149432579,-2.3593132346787504,48.622221389553424
2001-04-10,-12.235682267612804,21.460879175918755,-2.525532279944425,48.985687324892
2001-04-11,-10.911156743636482,22.960846250971468,-2.4099077887845795,50.602679567895166
2001-04-12,-10.147347110699895,22.351483461356075,-2.631632839810017,52.20436965638979
2001-04-13,-9.750457891223707,21.706035965753166,-1.2944539134235669,50.29444103319471
2001-04-14,-10.248703553064455,23.272635706148808,-0.5236399021427486,50.06572371428914
2001-04-15,-9.84312345488093,23.197199618976295,-0.6806647574917646,49.23154499238528
2001-04-16,-10.204078780966789,23.206304449403806,-2.374309496138973,49.137535599531915
2001-04-17,-8.101159857147817,24.179829157271342,-1.1412681316390747,49.56566764424663
2001-04-18,-9.538879876218797,24.306788290949772,-0.2774365904374232,48.10026773748223
2001-04-19,-10.020583847702175,23.126033862484363,0.2866664386966734,48.36259177948207
2001-04-20,-10.323099131541865,26.020504836791602,1.197339932962861,50.47437391942444
2001-04-21,-10.019238095174137,26.55545227903798,0.7008510478520406,50.87246955807411
2001-04-22,-9.006260882075773,26.392496448983298,-0.27867873111056096,52.079752406004125
2001-04-23,-9.047605356127553,27.303812242562785,0.7649915398506342,50.915688932693214
2001-04-24,-10.061060771785996,26.086569686992302,2.350949161279737,50.4573327123212
2001-04-25,-9.173927958526287,27.165256330302174,2.585973708175303,49.49600137291224
2001-04-26,-9.136482382073048,27.377273890094703,2.9161324763050502,49.15660430449657
2001-04-27,-8.40448528442268,27.66121746440102,2.9564794761196076,47.63594201291566
2001-04-28,-8.810478136451007,26.18443351836389,1.5873089978940758,48.159316330057315
2001-04-29,-7.838886849619861,27.050200690735544,3.4931203269079876,47.93742767447434
2001-04-30,-6.136091779757299,26.83792395153869,5.350079119474299,48.67454037534021
2001-05-01,-6.3485216163825475,26.50998249722656,6.811211167797998,48.03213018456392
2001-05-02,-8.05606730158556,27.008562323208114,6.950206152242014,48.41985025072746
2001-05-03,-10.139201617388094,26.187826150936715,6.458714087012041,48.21988126933158
2001-05-04,-11.224639136962287,28.165410317319967,6.162936256751005,47.45652544150997
2001-05-05,-11.684269529338383,27.861558621048694,7.331826179791654,46.94950134707377
2001-05-06,-12.188765584559002,27.44024363738586,7.035262621515151,46.55806420428711
2001-05-07,-12.807036362620918,26.088257113678964,7.102519153275886,47.98801730038762
2001-05-08,-12.304446560604605,25.697847399813867,6.585569184984027,48.51442003611764
2001-05-09,-12.531020271919408,25.500792443554374,5.609367102284407,48.12377065375237
2001-05-10,-14.721235788117502,24.78530275518759,4.951434855387568,47.13084520043319
2001-05-11,-14.590082145348575,25.49961329023341,4.746436734019143,46.74694378529337
2001-05-12,-15.05698598897744,26.02230559016307,4.436594770219502,46.71766267624897
2001-05-13,-14.970473582638494,26.08791244523151,5.171243471498125,47.124006328124864
2001-05-14,-15.777545749093896,26.102901695013454,4.058212537688498,47.10043779550753
2001-05-15,-15.912617502564096,26.394172597856564,0.703743336078102,47.72735206830855
2001-05-16,-15.032664454259104,27.6334319163345,0.22402152872189451,46.897610558585036
2001-05-17,-15.655198421105641,26.58810430961258,0.23434986122494658,45.91748721428015
2001-05-18,-14.17471011289303,27.072247851237506,-0.8683641528635677,46.234368695839606
2001-05-19,-13.896127828274484,28.18565847604331,-0.21278188957817912,46.78413955826994
2001-05-20,-15.07551079819335,27.440913343015872,1.2589584850832258,47.68200441827405
2001-05-21,-15.65682590566358,29.912190600314545,1.0153203716751054,47.408492256403605
2001-05-22,-14.518073393980764,28.702587213981975,2.697006213920541,46.4749957041715
2001-05-23,-14.860933407388423,26.427054482708094,4.052019246396312,48.023762217494365
2001-05-24,-15.267436147133983,26.274421003161038,1.6828826204436593,48.37931590874353
2001-05-25,-14.360731731149846,25.965613298087977,1.2092230268365405,47.94885421320148
2001-05-26,-13.9655161243587,26.0343716021857,0.5441803059943952,49.78367851157078
2001-05-27,-13.632458426095539,26.8752974083083,-0.6095513356797578,49.81386997500533
2001-05-28,-13.871483980727337,26.453948360779247,0.9124295372716956,51.71707847619899
2001-05-29,-15.91016573630677,27.117318354878275,0.4741129973936132,51.91270687510997
2001-05-30,-15.018560667627534,27.865373367156614,1.5368890111135403,50.3321743435771
2001-05-31,-13.578347461477373,27.257510540831824,0.9510188340800337,49.35029624809372
2001-06-01,-14.5829103998388,25.34217364557291,2.2372256131678054,49.16746696491993
2001-06-02,-15.10074869275906,24.324223280061826,1.1417801108879888,49.90286773123771
2001-06-03,-16.444299397023283,25.79467058101942,0.8816515787644489,50.55494767624199
2001-06-04,-18.084097740678,25.623979933221698,1.4023903256869037,52.06348853009478
2001-06-05,-18.21898951358538,23.756674903674746,3.725851978374591,50.156335889871464
2001-06-06,-17.033938891151347,24.803712940051053,3.6572878893324585,47.9646709796037
2001-06-07,-17.00429201530244,26.19214995584365,3.7207587458796225,47.83582786975146
2001-06-08,-18.53744622793654,26.753065856947018,4.112527479036035,49.04719709273072
2001-06-09,-18.571496634564237,28.109421832385422,3.3954223798630365,48.73556122525676
2001-06-10,-19.890218558284253,28.083337144238918,3.972989036531504,50.09259117254057
2001-06-11,-18.785368774210657,28.584807327315517,3.642646883141369,50.49947228342569
2001-06-12,-19.955387266246913,28.582139076378542,2.8078458456408897,52.18237128173404
2001-06-13,-19.06404359275088,29.91176817466432,3.471150064818371,51.672558775604465
2001-06-14,-18.116212393899975,32.026174836200106,3.165205879445409,52.74808456995427
2001-06-15,-17.48861785122399,31.251704723723215,4.047992067583473,52.07569819439839
2001-06-16,-16.582829273206453,32.24227492127713,4.476078937505128,52.67748602360723
2001-06-17,-15.571069681633295,31.14927261181985,4.321515862028864,53.39600371323392
2001-06-18,-14.08392721212746,30.64324496101608,2.8716946256153366,53.5904020514545
2001-06-19,-14.749823528573327,30.479139325414028,3.257746325891129,53.7419685772353
2001-06-20,-15.981603974801562,31.41577323527218,3.4458448004769893,54.81257888750897
2001-06-21,-17.590978001841986,33.40150935068923,2.93033317755162,54.4343458620521
2001-06-22,-18.87424643175395,32.350402891286876,2.6242127910638406,55.742705159102805
2001-06-23,-19.521045558204452,32.616346290761,3.565234796348567,54.775392368447434
2001-06-24,-21.131731185655124,32.68846814287682,4.507221226804949,53.83844908112822
2001-06-25,-20.410344294322805,32.57031681150914,3.9788031011663416,54.81287531657866
2001-06-26,-21.08744987036827,33.42667488839594,4.208993364416266,54.041287318146466
2001-06-27,-21.79773445997851,34.18015914683937,3.3678568138001856,55.178758809315624
2001-06-28,-20.264025978970935,35.09254616828935,3.755486937846166,54.36609571032844
2001-06-29,-20.240408432986392,35.57863913343357,4.811767034612573,54.54244266463165
2001-06-30,-20.963830063188546,35.653578623316484,3.3974610412785253,53.4849878355688
2001-07-01,-20.86037797655193,36.754223711812394,3.033774618767983,53.264043514209376
2001-07-02,-21.35781769671543,37.664895506820635,4.524001922366021,52.8819313555481
2001-07-03,-20.64175279749165,37.6301540405508,4.01715357402416,54.58703825095146
2001-07-04,-19.675507515958927,38.309032263030225,5.1912313779791885,53.90767936216964
2001-07-05,-20.027663718787082,39.82132936939066,7.30612556909619,53.46643092438957
2001-07-06,-20.22309223444738,40.13917003647642,6.26641127567073,53.930564625801
2001-07-07,-20.349502792304424,41.035579793914046,5.981459423993808,53.666826160518326
2001-07-08,-21.735815928058173,40.37955588753619,5.179814069939955,53.95826973203998
2001-07-09,-21.7181446718025,40.31835667561612,3.971532349090061,55.74635977946814
2001-07-10,-20.900656546704322,41.29654040695475,4.129690616162056,56.19874049230814
2001-07-11,-21.115282432854737,41.019814951790565,5.419139089626156,54.809687629472755
2001-07-12,-20.495667911936113,40.460801888452266,5.157493490684222,56.21654801061788
2001-07-13,-20.488178417902503,38.23330272044634,4.235584734897042,55.26313154207132
2001-07-14,-20.735650724012483,39.165579487952755,4.781415074901185,56.23845881529198
2001-07-15,-21.214325987357128,38.832906282011734,5.115838096284616,55.52338259106761
2001-07-16,-20.372699752225,38.59299324348574,5.698084897670297,53.85050252095014
2001-07-17,-19.92672397177162,37.033432882415596,4.446835396018335,52.84153731506161
2001-07-18,-21.73653058526131,36.52080675468271,3.7002118690129864,53.91142554691136
2001-07-19,-21.666818592445924,36.1768760962604,5.004158214534983,52.59090597833429
2001-07-20,-22.84932159461458,36.1221884165208,4.962060126090169,51.30083311588231
2001-07-21,-24.054320655887405,35.553396903829736,4.310288143080958,52.38841314315376
2001-07-22,-22.03729578756984,35.28227200222092,4.44558423511681,53.18535934529744
2001-07-23,-22.822672737251075,35.01426064238893,3.2086502607658813,52.99301369359588
2001-07-24,-22.094818608041546,36.34022183846853,3.7763583925834845,53.82201514549388
2001-07-25,-21.69256207940797,37.57523803192277,2.5882731702479607,54.153860659888544
2001-07-26,-21.26223168773306,35.6942209559197,3.2072203027439508,55.08861362077921
2001-07-27,-20.522391598619574,35.367951206133434,2.24706531110309,55.39384471288077
2001-07-28,-20.258190399331106,34.66046907153124,1.8927018358949144,55.73990632459889
2001-07-29,-20.567902026034485,33.46902478812646,0.2655167865126049,56.78106751910265
2001-07-30,-21.710251617294784,33.51870006202986,-0.09876835361969338,57.24322886754241
2001-07-31,-19.310092311724233,32.15995840051377,-0.15828331895241396,56.15046693213941
2001-08-01,-21.788023771642447,29.857228506721775,-2.0886767303611427,55.5773067911519
2001-08-02,-22.0304869000989,29.165764896785852,-1.9359908846879064,56.00603896654978
2001-08-03,-21.481301804866483,29.1832669690252,-1.5143598765178385,55.55697463143171
2001-08-04,-21.577210257799482,30.520349013634046,-2.9099663349383236,56.10836999029019
2001-08-05,-21.15832092467014,30.15423723709175,-3.5152708097449166,57.50799946239597
2001-08-06,-21.20470118681727,30.788640850160505,-2.8755550851137737,57.60551941235176
2001-08-07,-20.573111466065228,30.590815328854543,-3.2834582403406274,58.74998464564963
2001-08-08,-20.98306801699136,29.874530632901024,-2.785069403491107,60.29443524689918
2001-08-09,-20.283035740946335,28.918190007697923,-2.979259451461227,59.74518227461555
2001-08-10,-22.190625544869505,27.044743867997575,-3.7256021250666844,60.38334299660045
2001-08-11,-22.670993069924613,27.44191629063123,-2.963660593154173,60.36984129282026
2001-08-12,-23.327562097336045,27.53805909524727,-2.5178157444638463,61.16465267274144
2001-08-13,-22.313603039233946,29.179296719323425,-3.8185616909260895,60.481059043397934
2001-08-14,-24.602821144899455,31.24562641883305,-3.768223407664326,61.640487707744
2001-08-15,-24.504905258197414,30.345781531803798,-3.1017748658397046,60.04974457463036
2001-08-16,-25.751006100695076,30.07457571230599,-3.9445403076726606,62.81569824777261
2001-08-17,-25.400210631132033,30.480505536402248,-3.1831938356267075,63.666410152557376
2001-08-18,-25.9552671687977,30.507904797818867,-4.0479144504546545,64.89256524379378
2001-08-19,-25.202673904959216,30.991656549535445,-3.611497961141774,62.28035590335723
2001-08-20,-23.90151785894652,29.863916376721107,-3.7807733329738977,62.497652729097545
2001-08-21,-23.63509110667747,30.763950241872667,-3.995430590922757,62.35013594774697
2001-08-22,-22.364552105721,30.684979636805135,-3.408316596084295,63.31875590998845
2001-08-23,-24.18190257822526,30.555759208660806,-4.29636806110031,64.25393619103274
2001-08-24,-24.059682643560187,29.694083343664765,-5.118148560055125,64.07300546218447
2001-08-25,-24.662013874978832,28.67119720849811,-4.247015147071217,64.90104937025212
2001-08-26,-25.03547491780415,27.606006782554655,-5.697956597240255,65.58925460171824
2001-08-27,-25.49754168317464,25.70437377782387,-6.836857523881711,63.92783845572453
2001-08-28,-25.609299296819927,25.6578656602179,-5.549292536231613,63.02429586651552
2001-08-29,-24.54118369827343,25.944300737237764,-6.140201343246457,63.31831910578499
2001-08-30,-24.453172190291166,25.609555406565924,-4.921095290820514,63.74362568429293
2001-08-31,-23.696724347533888,25.284481592790918,-5.10895378354917,62.95988566574506
2001-09-01,-24.730128357390992,25.04553468758927,-6.0264554051719745,62.98672940821299
2001-09-02,-25.958835126271705,25.66547862509635,-4.366668914114371,63.0522985504808
2001-09-03,-25.951208396694536,24.924145491896297,-2.8125813084376645,63.94091977088942
2001-09-04,-24.818789629584323,26.5420346477732,-2.585825399528082,63.93898531546484
2001-09-05,-25.13365397435325,23.990986331349188,-4.178764356556783,63.58496669411962
2001-09-06,-24.863842020723425,24.6798478895558,-5.025218874279502,63.39290930754378
2001-09-07,-25.084563109762975,26.057696920032704,-3.926820664094942,65.14973460694112
2001-09-08,-24.97756381985114,24.967529425641345,-5.294841280467871,66.349442141081
2001-09-09,-24.073492526590268,23.807276247698532,-4.61877523413582,64.71462940114041
2001-09-10,-25.436724827069636,23.27634813514061,-5.312041534319099,63.9461887557296
2001-09-11,-25.522879339538786,23.375013157294028,-6.381347952188417,64.6788988222138
2001-09-12,-24.338768995235394,22.91220127268664,-7.98124837747076,63.84926405703207
2001-09-13,-24.25450332870974,23.64761653202984,-8.07114811461236,65.61662904013428
2001-09-14,-25.094509872153797,24.346684589132785,-7.224422987262269,66.78690436560233
2001-09-15,-25.61638762976119,24.474969515844617,-8.997768905570936,65.68372218741852
2001-09-16,-24.88260190773369,24.09220784523957,-7.425350878874774,64.36095964898331
2001-09-17,-25.1752812923135,23.750899375981287,-7.351958355160999,64.36273480352783
2001-09-18,-25.203484881163746,23.660307059229666,-6.824104898079339,64.15307282172486
2001-09-19,-25.040459770017563,21.0749599108281,-6.575657103847493,63.77492162179529
2001-09-20,-26.589398107700568,21.250863344564063,-6.783155823697021,61.89372216171128
2001-09-21,-27.628490529124093,19.825234512464807,-6.733679814731902,59.26186816758043
2001-09-22,-25.57956833753871,19.854847691363556,-7.426824995955592,59.72522298928884
2001-09-23,-27.45008108432901,20.69092648461797,-8.37248804908905,60.516680882500694
2001-09-24,-26.427335124545387,19.975065157838806,-8.595013461064326,59.71741789672206
2001-09-25,-27.861150998496825,19.545289673068506,-8.403377008268004,61.64580050024238
2001-09-26,-26.78085914383014,18.809965334602456,-10.968694292067909,61.66835872370361
2001-09-27,-26.676001959435034,18.953627556062727,-11.77973742304937,60.855740653358524
2001-09-28,-27.0218819630103,20.709266281042396,-13.11226039090022,62.406070769578406
2001-09-29,-28.420791680628565,20.716512799496805,-14.430684965042154,63.20746711254927
2001-09-30,-29.745899020368082,21.59921804074321,-13.684825122975965,64.64834503402655
2001-10-01,-31.338487506541743,22.38727838303342,-11.809617539649526,66.41029947963065
2001-10-02,-30.24158711655404,21.026621779617983,-10.329425763533328,67.00743527422074
2001-10-03,-30.05206732551347,21.556680541409857,-9.797772528049807,64.03154022070305
2001-10-04,-30.82743055102901,18.964192903262354,-10.2280570049567,63.62276881058181
2001-10-05,-32.294086595147135,18.810690315469763,-10.354496545713657,63.5308766715622
2001-10-06,-31.612335048493385,17.651447695158954,-10.166856129112785,65.90736206575654
2001-10-07,-31.01567396390186,17.565147459986687,-10.726639750251291,65.34623629142989
2001-10-08,-30.70494163036542,19.82760937052928,-10.276196502665385,64.61494792342496
2001-10-09,-29.53921669351386,18.9387732411876,-9.409704804819194,63.96388785900868
2001-10-10,-29.724224410241604,17.671170100743133,-9.385578545856774,64.9405417342259
2001-10-11,-29.827735630997125,17.932254182010002,-10.321092418634503,64.25992481231081
2001-10-12,-29.94639139729925,18.824649351787052,-10.177758562166527,64.97247732213275
2001-10-13,-30.84612668938475,18.237569326510595,-9.99474203487729,64.684507843464
2001-10-14,-30.207205656513484,18.584942641267943,-8.966705802362426,63.368813711259946
2001-10-15,-30.332507399008545,20.346027414971992,-8.845950038313841,64.68032323809322
2001-10-16,-31.217907594811766,21.52657373706571,-7.833837833000574,65.9191780084378
2001-10-17,-30.84781972658002,20.845203107494477,-7.808957227689481,65.22655411676546
2001-10-18,-30.00771188433233,21.52557760953447,-8.588312804985456,65.75958021550144
2001-10-19,-29.300632409878318,22.18022181712775,-8.763526436867867,63.287601712998004
2001-10-20,-29.67714299253202,23.034817448996257,-8.402355974439168,64.47648428307156
2001-10-21,-28.880050161639687,21.601479888076373,-8.079894927600648,65.27219991204456
2001-10-22,-29.167483131669126,21.36156138217321,-7.736685709732163,66.05796068213233
2001-10-23,-30.006498094176465,21.46201553739482,-9.381739159397265,65.32077729193017
2001-10-24,-29.635290260448965,21.846836231411498,-9.82325566419296,65.91238030214978
2001-10-25,-29.942761415887123,23.6548948835131,-8.356641323402824,67.16015733310392
2001-10-26,-28.484830836013263,23.399540282093014,-8.089479942471783,65.97591751177579
2001-10-27,-27.327985885681425,23.815167976257534,-5.903744655485928,65.96922390801886
2001-10-28,-26.586548311932567,22.967935724971845,-4.26414601674343,66.22234893957699
2001-10-29,-26.96768242161161,22.380331953812288,-3.395555104641475,66.95906086014165
2001-10-30,-27.93843353624837,23.155843216260546,-3.8288015851005195,67.68890466807018
2001-10-31,-29.733840336910976,23.921859035538876,-4.228804093535883,66.55321808810642
2001-11-01,-30.975370768579257,24.465431251654245,-3.5412568220594034,67.15939651477484
2001-11-02,-30.19804597753839,23.457842848891886,-5.7192665329497565,66.70682854482904
2001-11-03,-31.881250851061413,22.525788301190964,-4.997813772179017,66.33575976475649
2001-11-04,-31.339461253278216,22.450457793618238,-6.242029433542722,66.13846334859677
2001-11-05,-30.81163413372549,22.680015739653005,-6.059034144647638,65.5039508779984
2001-11-06,-32.1646300429966,21.017178839261124,-5.862799454111152,65.36825062171182
2001-11-07,-31.912884382741748,22.17650336163461,-7.385273836331967,66.20456601391774
2001-11-08,-31.271018866460995,19.910995820033882,-7.500988510663258,64.99447873932046
2001-11-09,-31.24897326909362,19.97119311410498,-7.305400550190203,63.321742878779375
2001-11-10,-32.06520792892052,19.176492941848622,-6.0082412701287895,64.46431359278535
2001-11-11,-32.50180013849219,19.949984964856036,-4.689682187360045,63.43629791710597
2001-11-12,-32.09640816831666,20.3111125953254,-5.206464448958673,62.976061346981396
2001-11-13,-31.33460680296914,18.645338189808218,-4.754092112093983,63.49538687139972
2001-11-14,-30.24247369910546,17.652772835218478,-7.092654547524402,62.99310344324774
2001-11-15,-30.33700983717363,18.330677657787543,-6.192228024553515,63.02771499001768
2001-11-16,-32.39572970325235,18.846355660421384,-7.16023938507173,63.86568925006211
2001-11-17,-31.563197679883807,20.30180721961696,-8.65836878139695,65.70076149471892
2001-11-18,-32.24294410778061,21.12380478451645,-6.453931851974919,64.7156003464658
2001-11-19,-32.142649588010045,20.485149050450815,-6.743106057831459,65.2818145595012
2001-11-20,-32.74447818437412,21.177338370828917,-5.955635748379261,65.94269018760554
2001-11-21,-32.31334524057829,20.291588422444946,-5.365867863331918,65.83606863721822
2001-11-22,-33.85879605233139,19.43710956301348,-4.573237147119167,64.57012484500115
2001-11-23,-33.92359327555248,20.872421282853466,-3.759610030100741,64.7226493683929
2001-11-24,-33.50802300965663,21.512578145536892,-4.600234655708867,64.67003624395625
2001-11-25,-34.24325219044169,20.761607579616523,-4.819264774286428,64.43368662741919
2001-11-26,-33.695418134975405,21.70758939231407,-5.8300721400992765,64.66506735610862
2001-11-27,-32.36991359967501,21.623974762479108,-6.249402492223321,65.34904382795406
2001-11-28,-31.33909281462089,20.37651827731255,-5.485127154248895,65.63738458306248
2001-11-29,-30.95465542814489,19.491867540982174,-7.297213694489714,65.36720636764072
2001-11-30,-30.270382377577683,17.729783765697686,-8.016829198178609,66.0231912905855
2001-12-01,-29.155765146906777,19.288945481478724,-6.846237947796327,66.25328243193522
2001-12-02,-30.30671479940022,18.18481179620863,-8.385067315635258,67.69504043027149
2001-12-03,-31.794099971024423,18.422128923242752,-7.9566955988322015,67.80689930018873
2001-12-04,-31.424286255296867,18.00177792780766,-7.524847840552592,65.93321361234804
2001-12-05,-30.594551177894807,17.730848779777688,-6.522090653717949,66.68024104287117
2001-12-06,-31.688645436847082,16.08371333804199,-8.097788112048853,67.09105740264603
2001-12-07,-32.78597107406529,15.753496211119586,-7.507269248403191,66.53263706541388
2001-12-08,-33.77951795765581,18.012114120465956,-7.652936981517837,66.40893763576805
2001-12-09,-34.41765478030462,17.635016296321048,-8.932202330175162,65.57415199430181
2001-12-10,-33.6230227340848,18.796311156017456,-10.08728069943437,64.09362646065566
2001-12-11,-32.11572678128501,20.75466327463699,-11.19794939499648,61.656120571214245
2001-12-12,-33.60313033196772,20.60232173519096,-12.505176050490352,62.26560133412429
2001-12-13,-34.46378757409786,19.941824361311117,-11.44101453057125,63.668817814110554
2001-12-14,-34.4942735793862,20.35429249464018,-10.32688223039482,63.22660090064475
2001-12-15,-33.723147261101666,21.040844634158432,-10.61763789019818,64.51951075553403
2001-12-16,-33.53411276374467,20.765537683041636,-10.581818406671882,65.10793467983967
2001-12-17,-34.287287091396735,21.075381836516048,-11.982784921995801,63.040454076723144
2001-12-18,-34.31999341936529,20.78180252828737,-12.362939927840266,63.61002621263406
2001-12-19,-33.768820580000735,21.98911894427054,-12.998802996616947,64.3480560224441
2001-12-20,-35.14121707541041,20.2368313920878,-13.686060924428565,64.75138491746284
2001-12-21,-35.15595967092352,20.373585113328723,-14.008834360259664,65.16125308023143
2001-12-22,-34.15432529755659,20.098472073250836,-14.781641229978234,65.00096652312808
2001-12-23,-34.714394774279945,20.038449536756392,-16.123510831469645,63.339136009711794
2001-12-24,-33.664362182039945,20.35549600196669,-16.748985530046095,61.78940293473038
2001-12-25,-32.93627877765247,18.822222626592588,-16.84684414104564,62.2765015383219
2001-12-26,-31.77077792503125,17.75756647252367,-18.302555003937652,61.84932211559747
2001-12-27,-30.131484277296696,18.528552243130466,-17.807926389001764,61.543007591322514
2001-12-28,-29.653288814489,19.090021881861226,-17.680659854204006,60.78343255932566
2001-12-29,-29.99502704414041,20.082667079829317,-17.037027694005577,61.69784381322434
2001-12-30,-28.824234648988693,20.000543409867916,-17.59314159175417,61.6238038662031
2001-12-31,-29.385594470599276,19.77274468079395,-15.972266767709254,62.20463332628038
2002-01-01,-29.61914941710201,19.938279713006857,-17.437123204895727,61.819455620594745
2002-01-02,-27.728173014508542,20.722500499708318,-18.22203493516805,62.08419782037853
2002-01-03,-26.290813268073098,19.902012275458144,-17.518912837964127,62.04453952099338
2002-01-04,-25.838189561703622,20.621734193297407,-15.990609005893013,62.051632970523166
2002-01-05,-25.761789211027363,19.762685028384134,-16.79535137783553,62.40834705451021
2002-01-06,-25.899370192753896,21.058529245105913,-19.263446236954604,64.22932185566992
2002-01-07,-26.98967017948173,20.37477233282813,-20.53832264256945,62.382809325887585
2002-01-08,-25.286085260331202,18.93623277587518,-21.34908501176126,61.54423671025909
2002-01-09,-26.622844770699327,16.433521984450106,-21.751671749404462,63.1275781437963
2002-01-10,-25.783876717085175,16.21853943702113,-23.089022186481944,61.301469364034176
2002-01-11,-25.552383477011258,17.161320719580576,-22.951676458250734,61.61273455959132
2002-01-12,-24.47839320270329,16.53843314714866,-21.49705969874814,60.313294834163834
2002-01-13,-26.05778684489691,17.48869179707284,-19.960139844135497,61.37395455638851
2002-01-14,-28.323615289573215,17.831395042689095,-20.411582973300657,62.23963474206609
2002-01-15,-28.923055374245713,20.453371174052037,-20.377128519011656,61.6961177821072
2002-01-16,-30.2292900650293,20.89733550010631,-20.413391619969033,60.866697843766666
2002-01-17,-29.668404819437736,18.64572404995982,-20.57012587840703,62.15896502176703
2002-01-18,-29.896331512330132,19.66596888224603,-22.454759827734975,63.344990910883055
2002-01-19,-29.668273150206616,20.307848751375182,-21.82465821202191,64.93111039087836
2002-01-20,-29.42416924827982,19.516052041918417,-21.9275932668943,63.17587773865221
2002-01-21,-29.21424787287775,17.894988365002416,-22.368797150285864,64.19153017857101
2002-01-22,-28.320305017275377,17.417441836479465,-22.62590102278517,64.60419511893947
2002-01-23,-28.1218867790896,16.83713883493525,-23.471586591375186,64.5358163312198
2002-01-24,-28.22312768034318,18.02641169949132,-24.753467700971186,64.07630071389846
2002-01-25,-28.10295344357722,17.278692624068633,-24.604306149736,64.13678646679324
2002-01-26,-28.246910929880233,18.39282254341865,-24.90857290788847,62.62328887599327
2002-01-27,-28.454457077401525,16.00225994403899,-23.955883035147075,62.7323385403242
2002-01-28,-27.950114540103545,15.72564672715944,-24.85134244238093,62.57931507854605
2002-01-29,-26.429906252336323,14.822436527969263,-24.993459016158948,63.32957824740698
2002-01-30,-26.536506030238556,14.529342776140462,-27.284911700204532,62.12941894191845
2002-01-31,-26.591295718910462,14.07664784874704,-27.62347888007702,62.48614951851008
2002-02-01,-24.731912730883693,14.137391823406343,-27.64761194930821,62.05318856555163
2002-02-02,-24.188731418572054,12.824686276743204,-27.865637934949575,62.35217134475948
2002-02-03,-23.862851972853523,12.526663623959758,-29.46206657945145,62.1837125119743
2002-02-04,-21.484948168484195,11.435819424778352,-29.189272115663247,62.26865652650828
2002-02-05,-20.26095702280031,11.129099876564394,-27.529567706692045,61.76323981573829
2002-02-06,-19.917632814616095,12.273328570423317,-27.76059545203217,62.21584750145519
2002-02-07,-18.430867755807107,9.716357543562502,-24.569668048258656,59.98493050740125
2002-02-08,-17.47245234233415,11.444628034894178,-24.378662115379726,59.710063500117066
2002-02-09,-16.022700630635622,12.26198792245327,-23.242714666567622,59.62232154355177
2002-02-10,-15.779010992376396,13.170749655924373,-23.26295526729568,60.59465045890943
2002-02-11,-15.92994687326982,14.274582090499058,-22.02114263917086,60.52254133966586
2002-02-12,-13.973554686549896,15.123680832077635,-21.706036670596497,57.35170530269748
2002-02-13,-14.075539654121101,13.454457111357268,-22.353791452548705,55.56301147586506
2002-02-14,-15.824800631693527,13.232518592191699,-23.017938882149625,57.111194194683016
2002-02-15,-15.746645782928383,13.284461701191264,-24.91119372838994,57.52720055047578
2002-02-16,-15.795408800892933,14.482792909152161,-24.496527052681866,58.07525864934036
2002-02-17,-15.004462168975381,15.283666466089068,-24.298307872971723,60.46060157186699
2002-02-18,-14.291721729550193,16.51600156463091,-24.185922470496656,61.49335625744737
2002-02-19,-14.505972633753649,15.86544703111553,-24.142395238528785,60.505509837607654
2002-02-20,-13.313353093166754,17.886758591785743,-25.190315322327226,61.69106698805221
2002-02-21,-14.145028937939873,16.733870791520886,-24.343636796692135,60.716570468845994
2002-02-22,-14.381556703751874,16.918430176229084,-24.615557622066373,60.9823350726711
2002-02-23,-13.819408432176807,18.541334032748004,-24.845523995160196,62.56976990083831
2002-02-24,-12.486242950676365,19.08348895532614,-25.145884136269082,62.079040032593376
2002-02-25,-12.501621229450746,19.578496620724497,-27.03155216415094,62.58621753936448
2002-02-26,-12.827856841935743,20.513481329686247,-27.727478616255752,63.2962565045262
2002-02-27,-13.191424930861592,19.76593237981912,-28.21901712783988,64.19561051407982
2002-02-28,-12.26035147420631,19.725822530684326,-27.352892927096065,64.013934264407
2002-03-01,-12.8297206551421,19.954073757322575,-26.226692598842817,65.04986387175299
2002-03-02,-12.371244666291012,20.36470386462062,-26.281380111139615,64.71975045204542
2002-03-03,-13.007739146121661,21.382877102637753,-25.73903352575879,64.64903806742807
2002-03-04,-12.01648935347105,20.74939156736632,-26.777123022400378,64.4872014650421
2002-03-05,-12.674508718518677,20.96587509685044,-26.185196861398982,62.648817473282996
2002-03-06,-14.535504753016724,21.839749702157942,-26.221304888339848,62.61361687265513
2002-03-07,-12.51889056255251,21.520389212946448,-25.285920901599702,61.719670320806486
2002-03-08,-13.381012687479771,21.130337898982976,-25.512217650349914,61.403824931856015
2002-03-09,-13.367927437404072,21.52542568625136,-25.588922818113026,61.3977857498801
2002-03-10,-13.195938334380193,22.495009500954534,-24.743793146096674,60.35613553485179
2002-03-11,-13.541820096556885,23.175610714615292,-23.37352482765416,61.52378379862059
2002-03-12,-14.675285002946339,23.22029268323997,-22.057349889334034,64.08578635661145
2002-03-13,-13.029706650425544,24.061086552430737,-21.469376776850254,64.9138515809594
2002-03-14,-14.089097573248605,24.894751727660623,-20.86601916906861,65.13789207943769
2002-03-15,-13.367198457870291,25.828417261554268,-20.96237010161707,64.74954634727281
2002-03-16,-13.808760581102339,26.839373530549885,-18.413952381001923,64.70437285257836
2002-03-17,-13.428276008311387,25.25868288610292,-19.250668837134743,65.10913944585747
2002-03-18,-15.051143446045621,24.006229184583418,-19.058421212976132,64.79722023202316
2002-03-19,-16.935673233663746,24.61206648229557,-17.981278488223932,63.74777835627859
2002-03-20,-16.726089298637984,25.257269314163615,-18.304603306005113,64.47719802478433
2002-03-21,-18.57616683537019,26.73498269599073,-20.55274780455759,64.17016378278953
2002-03-22,-20.890073053283814,26.530624595654313,-19.764856746553473,63.66099599179037
2002-03-23,-21.13593517892087,25.160690592513138,-19.21084947462368,65.50039927797205
2002-03-24,-21.670243861376584,25.423279996830985,-20.354167631586478,66.52174601035443
2002-03-25,-22.1393711712705,25.223741558157133,-20.48081894724931,68.82770760974161
2002-03-26,-22.224611195465883,25.315123269544973,-20.558144650214572,70.25200082027119
2002-03-27,-21.616836633147432,23.88481153751344,-20.07159228542678,69.25073693973332
2002-03-28,-20.935800363208177,23.56351913626948,-18.751739099103975,67.12584124539318
2002-03-29,-20.925095919928552,22.93053960455912,-17.809516447894318,65.84734604402904
2002-03-30,-20.75998410780233,22.848402470763293,-15.666416807240951,65.86497595054556
2002-03-31,-20.097032819774917,23.873717705744035,-16.176037254209472,65.49739127721935
2002-04-01,-20.282068923303356,26.656165412475296,-15.384262792987315,65.87231559768834
2002-04-02,-20.680895004267793,27.008556435624683,-16.548927930838392,66.2453810758206
2002-04-03,-20.935074065478705,26.887900030621992,-17.797676918439453,65.26871180272653
2002-04-04,-19.316651202130807,25.82713156311886,-16.088724092611272,62.86579660989248
2002-04-05,-18.80681207612403,25.10095382481902,-16.472920344973236,65.2782679026316
2002-04-06,-20.602928810942508,25.4750909289033,-16.400819550722115,65.7941802996534
2002-04-07,-20.182536623811497,25.869757089811138,-17.44402151319746,66.42082399521428
2002-04-08,-18.967641532555792,26.106335629985335,-17.59323653907647,67.78378635431801
2002-04-09,-19.63208693479177,26.74059257660101,-17.779867582947745,67.15377107756255
2002-04-10,-19.792635578959267,27.79164299625047,-15.870923700408358,66.68694778814756
2002-04-11,-18.85589976585644,29.494391977453827,-14.366281085821777,69.23599361757036
2002-04-12,-18.508756000276623,28.429437027684994,-14.757592338188282,70.11647886300494
2002-04-13,-19.336660926352593,28.877570418041213,-14.64930356765982,69.09470206736415
2002-04-14,-19.073983052194837,29.497256687909026,-16.19974592208875,69.7159067170035
2002-04-15,-16.936955687114693,29.37893123604666,-14.900804451680305,69.11450118865088
2002-04-16,-16.738832102459387,29.44597525599401,-16.722433990828094,70.180760133647
2002-04-17,-16.704103692552074,30.541314326239945,-15.661987579122673,69.83027791151666
2002-04-18,-16.44813204151542,29.64952453009942,-14.92793502550475,70.22299837871867
2002-04-19,-16.87382366655277,30.567224460717867,-15.51676970727453,70.30455491989018
2002-04-20,-17.94515029794703,29.189471131753443,-16.073112228646796,70.38936668771247
2002-04-21,-18.952108933518396,29.267761870573075,-16.22772542109558,70.70843951040764
2002-04-22,-19.015922896181106,27.250656595334238,-16.37002314507677,68.40789583354257
2002-04-23,-19.46433815383918,27.391706936446127,-16.27455976089124,68.59976143830737
2002-04-24,-17.85490152285425,28.406292308340344,-15.142168593180678,70.63647278844483
2002-04-25,-17.280183327995108,29.559200883010583,-15.09362050056875,70.55409486401301
2002-04-26,-16.81723519860063,29.52493146016776,-14.461437190591575,71.89249233193664
2002-04-27,-16.876193723028944,29.497496613892245,-13.562764170459449,72.67962554902225
2002-04-28,-19.373652876021016,31.47521535476147,-12.700810417824224,73.85571353897757
2002-04-29,-17.737807081135934,30.24317853102488,-11.631741632466214,74.88691856429358
2002-04-30,-18.42984410450926,29.69331157438202,-11.960498034305385,74.62601564186504
2002-05-01,-16.942378856128606,31.8343343447187,-11.578734597539446,75.39382323205255
2002-05-02,-15.347644792399882,31.106993766790605,-12.391082217969451,79.17502998591813
2002-05-03,-16.832675276719616,33.24701235359381,-12.496122343980034,79.52317520936116
2002-05-04,-16.43712519585867,34.63117941632158,-12.769957555903789,81.36330581399925
2002-05-05,-17.181130764995178,32.701542581674296,-14.118320926618706,81.83624480578135
2002-05-06,-17.638394416036046,31.71461802546728,-11.980395825200041,80.17112850963719
2002-05-07,-18.617814206225702,32.25201794296766,-12.798695629643742,81.9169197476326
2002-05-08,-18.529644717717996,32.13567730491289,-12.059120716190078,84.19483828253502
2002-05-09,-19.18308959034856,30.906293081448197,-12.16180771117347,83.9146563820931
2002-05-10,-19.00922009299412,30.186089170143767,-12.637417328909345,84.07103360773341
2002-05-11,-19.254487539122845,28.72504727200811,-12.755963357763004,82.86085837405705
2002-05-12,-19.674148379038897,26.80094610898304,-12.43992219870234,83.48589083775477
2002-05-13,-20.298062742063905,25.16908176220403,-13.123792801314309,85.10922048973917
2002-05-14,-20.822025894087894,26.306700571409284,-13.490826588603342,85.45109158923245
2002-05-15,-21.185659364390634,28.859991947411796,-14.850015235481843,83.85194187393476
2002-05-16,-19.91479690829279,28.630731009363988,-16.021682246953116,82.45267439905375
2002-05-17,-20.282497754414276,29.382390268255193,-15.641353014479408,82.69285145885003
2002-05-18,-18.756180659072104,29.907376908790756,-15.61142538510283,83.51000538872557
2002-05-19,-18.821416475340538,29.66306750481509,-15.520773732507992,82.51554876160905
2002-05-20,-20.63815355482095,29.23736099707921,-16.36893630427671,83.08792917447946
2002-05-21,-19.67277735657482,28.942209012841552,-17.96009209692711,84.33261460772097
2002-05-22,-18.714423954680495,30.915958008357165,-18.437638151206066,84.9575918104224
2002-05-23,-19.202788157361585,32.38167545935212,-19.73867288282529,87.14484031901604
2002-05-24,-19.427494493952686,31.485298272884133,-19.697260307892172,86.74588726351256
2002-05-25,-20.429243231393237,31.30141758156791,-17.983486429895823,85.81396590947213
2002-05-26,-18.60176808548279,31.039286923546495,-17.954213734225537,86.44706916399737
2002-05-27,-17.278503214836,32.24399630038471,-17.51447469082372,86.5041010561224
2002-05-28,-19.1363037674199,30.92725931532529,-16.939817887446374,86.12046190189774
2002-05-29,-19.190503596016526,30.638251927673288,-16.645151706991903,86.1028042146995
2002-05-30,-19.585617178140193,30.231671436582666,-16.56930337469017,86.68075088849467
2002-05-31,-19.527663259702294,30.83578338047904,-17.281437407875753,86.5017899501203
2002-06-01,-19.946761321185786,30.726437911318772,-15.993151046660675,85.7388439709263
2002-06-02,-20.62861227169882,31.083417759916806,-15.69429873322321,86.3097188680269
2002-06-03,-20.394526787227193,31.13331780827932,-16.855077195731234,85.8201078127897
2002-06-04,-18.40822201871598,31.642774550663717,-15.45311701393085,85.3082589407631
2002-06-05,-19.199142329052645,33.289103006450894,-17.2272802368514,86.84117828877113
2002-06-06,-19.303250941986345,32.68271848841828,-18.1307628270699,86.58309252114286
2002-06-07,-19.028229942019998,30.90684869155049,-18.2479271564091,85.04190602904154
2002-06-08,-17.02379662107553,31.71087167944884,-17.767250873191603,84.70884552944578
2002-06-09,-17.68758020386283,30.69157873407372,-16.216812542421625,86.2412100000491
2002-06-10,-16.197765501335798,33.098175910807946,-14.727907534558675,86.59946049673052
2002-06-11,-15.83836206809768,33.63836417198893,-15.579577373589258,86.41220173991074
2002-06-12,-17.2380178246963,31.696805175897236,-15.308917744708205,86.27625639250905
2002-06-13,-19.07247429152385,30.22379023878229,-15.848375633675827,84.43707603708265
2002-06-14,-19.415161045589812,31.03353144933638,-15.13569796159809,86.3656453764672
2002-06-15,-21.04521682630779,32.93961838657474,-14.93928967273093,86.86222550045555
2002-06-16,-20.099498767567948,33.05461729262547,-12.57431799656946,87.60894181831814
2002-06-17,-21.567204276088606,32.76747445084593,-11.362518180091904,87.16405281600322
2002-06-18,-20.481841918452552,32.96489550486906,-12.43003429590743,87.26525627602045
2002-06-19,-21.166875239212462,33.84233046275857,-13.00417863886438,86.51238981677443
2002-06-20,-22.329434221875598,31.97980421224827,-11.288663478182,88.10871634895638
2002-06-21,-21.97195919190012,32.34263723373531,-10.554983679612546,88.67027813803303
2002-06-22,-22.421540463723137,30.73713556342247,-11.874876935740303,87.53314134043646
2002-06-23,-22.52080296586327,29.67730829489679,-12.348218712108363,87.57158429023794
2002-06-24,-23.551805341028597,27.82904653002848,-11.656687512543959,89.96393146062822
2002-06-25,-24.45809561153427,27.528187276397137,-13.002166411808552,90.64051550163866
2002-06-26,-24.051112392933273,27.756799704615936,-13.823192379242842,91.55284881172862
2002-06-27,-24.394426093485965,28.15175262885352,-13.178980861249292,91.50465192897778
2002-06-28,-23.40470106153417,29.623213494422853,-12.284738111083877,92.45681397536822
2002-06-29,-24.821988188441605,30.066081456767968,-11.950291144831418,92.87777702002553
2002-06-30,-24.186724553577474,30.024598300856326,-13.209080641529003,92.9299169171469
2002-07-01,-25.962430603804695,30.596241015282928,-14.14468011435941,92.37353461467087
2002-07-02,-26.456150032618865,30.14227027425364,-13.419780425861067,91.92209225355431
2002-07-03,-26.410549787710668,29.134611963662287,-13.557130208462654,91.7057849818489
2002-07-04,-25.322322866261366,29.60772102442187,-14.03260193744162,91.60461568847825
2002-07-05,-25.934713221638162,30.09487566152048,-15.709694631939385,91.70354999013136
2002-07-06,-24.006367792846603,30.097967065864882,-15.014907444886362,92.03105487143488
2002-07-07,-24.750028139377697,28.128984297117064,-14.331547195137821,92.31332400509022
2002-07-08,-24.95849852089445,26.82821805200489,-14.494797018811822,93.82863443015168
2002-07-09,-24.59802504152065,27.49267791411171,-15.44062808934872,93.18860799855503
2002-07-10,-23.842088777450275,26.591705297540088,-13.34426700626863,93.28821128227528
2002-07-11,-25.012886769105886,24.71688598697307,-12.546299827251826,93.66891601010683
2002-07-12,-25.86727739989714,24.534199461204732,-11.988991471839384,93.87667547615165
2002-07-13,-25.869858120841933,23.461243292624026,-11.834592915985608,93.97387387992228
2002-07-14,-26.999859801027323,23.361066428999358,-11.611357816542341,92.84831594244197
2002-07-15,-25.668420457316557,24.527936499154492,-12.760013370768043,92.43780583527669
2002-07-16,-23.794708555972793,24.108495051139542,-12.206707845872247,92.52285344556103
2002-07-17,-24.788542044085908,23.989313260271857,-12.443920591487634,92.51278899377118
2002-07-18,-25.769760229899532,23.49781144894131,-11.312704845296516,93.24099935901819
2002-07-19,-25.850372327358812,24.982503014892913,-10.63996683327077,93.01909339367833
2002-07-20,-25.505922558022043,23.31905826955901,-12.090537511562042,92.83345555916303
2002-07-21,-26.18304363572416,23.866055253290774,-12.317601604788255,93.08740385943229
2002-07-22,-26.560792453696706,25.186685655032935,-11.943284105651385,90.6321636360236
2002-07-23,-27.15953486768987,26.498141986883045,-12.242428122983855,90.45088078879753
2002-07-24,-26.641171098789467,25.87418843916727,-13.798119847272702,90.69107737873541
2002-07-25,-26.105038799411506,26.441203786888995,-13.243119828379706,90.7438639483037
2002-07-26,-25.756598119874443,28.142172857728625,-14.231897241897066,91.43654582136048
2002-07-27,-26.759716761921727,28.43906440480496,-12.994688842632518,93.15606627401259
2002-07-28,-28.705904471842867,26.705274258473498,-13.807128269855157,91.98619640383689
2002-07-29,-28.753074271811705,26.030144439451558,-13.44542256277322,91.76735409506963
2002-07-30,-28.175039941592043,27.54939323762999,-14.76974553293795,91.61666120621192
2002-07-31,-27.86518279704273,26.906563956583515,-13.41258746102147,91.0711831350572
2002-08-01,-28.787359248102675,27.41696316294549,-13.780540137487952,92.39654950552216
2002-08-02,-26.545838719311686,28.39694604691613,-13.56637250930291,92.42431918697909
2002-08-03,-26.77216381687037,27.415498333448166,-14.124011669121737,90.47257560788198
2002-08-04,-25.929059356965787,25.23557110000057,-14.10311231513675,92.16603327794913
2002-08-05,-24.988955623081825,26.22227301774726,-13.275180819685396,91.5875292157507
2002-08-06,-26.42629457845108,26.146919205996085,-13.55629713446036,92.41402036891846
2002-08-07,-27.321630070680623,27.259767384838586,-14.28166017062269,92.91242732914051
2002-08-08,-27.345365818350487,26.044744797108866,-12.670080491115565,92.71364501672056
2002-08-09,-29.14687528180192,24.913106461741254,-12.440996400647869,93.32971065799008
2002-08-10,-29.863151943124354,27.881406118436228,-12.600668038403068,93.97870252346664
2002-08-11,-30.903497181101972,27.47135156057645,-10.505826330067503,96.23533953027427
2002-08-12,-30.068695865495563,27.386903903399105,-9.6259963308397,93.82454069831238
2002-08-13,-30.552651504511502,27.380036190404553,-8.539281174410233,93.71164987657059
2002-08-14,-31.697355904641263,28.044127240430832,-9.02811121530606,94.32721506487769
2002-08-15,-32.084270250079264,27.902072272860806,-8.931064292113604,93.51358388811431
2002-08-16,-30.838481016970817,30.18532252676652,-9.14219465406454,94.72680935929108
2002-08-17,-30.464377627999422,29.61074966250707,-9.844013982091536,94.07388415339032
2002-08-18,-30.78355182457016,27.820256578517977,-10.033514171901174,93.44868823187484
2002-08-19,-30.279883286408896,28.13272978769038,-8.260536974372396,93.13315003673303
2002-08-20,-30.890860911242427,27.055657798090706,-8.637926101952084,91.92934983830561
2002-08-21,-30.597783654137917,26.32434098872034,-8.519267912301245,92.02600791591989
2002-08-22,-31.004968728097797,25.688858658577676,-8.221737332697103,93.41595467455254
2002-08-23,-31.242942902942012,25.443776631821777,-8.37484450751238,91.10181000997203
2002-08-24,-31.19248675043248,27.34588282127851,-9.105204714010426,92.2386599463194
2002-08-25,-32.86835945688778,26.213643724616695,-9.402021113461213,93.56931369622325
2002-08-26,-33.6486183244913,25.586332745166924,-11.76247134473089,92.248685649028
2002-08-27,-35.374537383834216,23.797177009054998,-12.418924963757465,92.11090987679238
2002-08-28,-34.93992341787932,22.842976273218074,-11.483965697239478,93.6525732438427
2002-08-29,-36.25175046371467,23.136425033843498,-10.685546621327223,94.36146416941
2002-08-30,-38.655352336828294,21.15455306839632,-12.23187065256403,94.95309171802563
2002-08-31,-38.966782089342075,21.24667735795158,-10.97056519981822,94.4804193809887
2002-09-01,-38.361561099434745,19.974415682878135,-10.845891671215707,94.37058406715724
2002-09-02,-37.642966688913766,19.887076567711198,-10.621849731145328,92.58267147896838
2002-09-03,-37.55305185227004,19.84424514652667,-10.662041098640488,92.02657210096116
2002-09-04,-37.69850220332416,19.05972214086342,-11.579561980078337,93.41247719789747
2002-09-05,-37.99482833203927,20.835166513121045,-11.198552603365018,95.20361006089175
2002-09-06,-37.923758265507374,19.61457513855253,-10.035432514336026,96.83404789689648
2002-09-07,-38.977882694191244,19.288016103738055,-9.157455022471389,96.63133327631998
2002-09-08,-39.111787680089066,19.252947455291746,-8.87697530727206,97.36914329280086
2002-09-09,-39.04569859698144,18.148310875255163,-8.43862735493434,96.70352526208858
2002-09-10,-39.420097921561236,16.397349911776804,-7.336598608123318,98.30673955659073
2002-09-11,-40.02745837453175,17.048779492091693,-7.450611569135505,99.27021023614249
2002-09-12,-38.663891795307244,15.788119884066532,-8.40513393340049,97.76362740147309
2002-09-13,-38.64756681439729,18.186973674107666,-9.658325964380902,97.82847849113021
2002-09-14,-38.540755660772525,18.478996044731392,-8.244632658640981,98.3301613900941
2002-09-15,-38.17270005190249,19.825926222840334,-8.160919799199158,98.26972325243231
2002-09-16,-37.62096926344606,19.745998075766643,-8.604517792506691,97.98517461781891
2002-09-17,-37.37415550629357,19.640995782449462,-9.359974890583004,98.904872061753
2002-09-18,-37.407620585575636,20.26062730593529,-8.147959610312405,99.50964839397285
2002-09-19,-39.783236854723036,20.07121743862847,-9.22420798714387,101.18989355216524
2002-09-20,-40.506341520233555,20.442899623832268,-11.832249795005879,101.35822598574379
2002-09-21,-39.1748751215955,20.442342421493215,-14.42977555139593,101.07745145891522
2002-09-22,-38.6610930245658,21.815928952861,-13.69254552322549,100.4544728389655
2002-09-23,-39.364923428393865,20.762513747096502,-11.968775155786949,99.23108443449263
2002-09-24,-40.204729859466134,20.865957747885446,-13.434358163154975,100.22758912835455
2002-09-25,-39.19527657326354,20.635297099282855,-12.782670910263969,100.78992656296137
2002-09-26,-40.23229418001184,20.718359666492198,-13.649900524546297,100.30281250347463
